word,frequency
marketing,553
content,493
social,441
digital,432
media,414
seo,335
brand,174
campaigns,139
who,133
search,124
strategy,123
creative,118
strategies,109
platforms,107
executive,107
manager,107
specialist,105
location,99
manage,98
performance,94
growth,94
have,91
online,86
key,86
optimization,84
create,83
develop,80
driven,78
all,76
building,75
website,74
google,74
high,74
re,72
engine,72
research,72
lead,72
business,70
from,69
execute,68
presence,67
ideal,67
through,66
can,66
time,64
responsible,64
india,63
full,62
ai,61
page,61
clients,60
organic,59
join,59
management,59
it,59
brands,56
channels,55
keyword,55
drive,54
engaging,54
quality,52
one,52
ads,52
plan,51
build,51
optimize,50
goals,50
email,50
engagement,50
traffic,48
working,48
creating,48
various,47
client,47
overview,46
title,46
based,45
solutions,45
grow,45
data,45
industry,45
agency,44
position,44
trends,44
facebook,44
instagram,44
help,43
tools,43
seeking,42
other,42
design,42
technology,42
audience,42
us,41
visibility,40
increase,40
teams,39
planning,39
implement,38
improve,38
services,38
site,38
global,38
up,38
linkedin,38
growing,38
managing,37
development,37
if,36
identify,36
analytics,36
writing,36
advertising,36
products,36
strategist,36
strategic,35
execution,35
results,35
like,35
someone,34
web,34
platform,34
developing,34
awareness,33
campaign,33
product,33
best,32
type,31
track,31
focused,31
how,31
hiring,31
has,31
ll,31
sem,30
websites,30
activities,30
innovative,30
monitor,29
ideas,29
own,29
creation,29
not,28
experienced,28
communication,28
paid,28
day,28
posts,28
end,28
businesses,27
